slide_id,0 - 200 um,200 - 400 um,400 - 600 um,600 - 800 um,800 - 1000 um,1000 - 1200 um,1200 - 1400 um,1400 - 1600 um,1600 - 1800 um,1800 - 2000 um,2000+ um,mean_hole_size,median_hole_size,number_holes,steatosis_score,holes_fraction,number_holes_per_100_um2,pc1,pc2,UMAP_0,UMAP_1
Sl002,0.03618879276287086,0.03715430973787116,0.028223528276107496,0.019405518938017584,0.013511625426136974,0.006979555603329387,0.004888663293587364,0.0030492041722571944,0.001286238923122127,0.0020122199420486977,0.005231001210887211,362.955997,214.0,5386,2.0,0.1579306581283054,0.2350310619495971,0.6131035153671319,-1.2099628489321625,11.085807,7.539909
Sl003,-0.0012286124400810836,-0.0007088525767486144,-0.0004953842850714292,-0.00020572930483725576,-0.00010280523732183378,-6.118404499298886e-05,-7.357236513517183e-05,-2.794056502841117e-05,-3.1030218566087103e-05,-3.633313350225362e-05,-0.000142391416656406,257.5058962,146.0,848,1.0,-0.0031138355848277,0.0702070831249406,-4.159343458315405,1.2181507841172656,16.43611,2.9194484
Sl004,0.027057350006187097,0.0313786470269475,0.028301458311880297,0.026477750569240396,0.01888153007731865,0.016189582013546144,0.01205750411059916,0.009551197295063632,0.008434528432098536,0.00453671922560247,0.025707218791867416,541.4113217,284.0,7967,3.0,0.2085734858603513,0.2249558605905354,3.6182519883457287,0.8224417547641696,8.45665,7.2370067
Sl005,0.02682703620960238,0.03421503022807868,0.028501425052545222,0.0202533112098316,0.018160576149501846,0.010671956007460837,0.00772043980783038,0.0038697581348567673,0.0031639245307661873,0.002468130983085717,0.005377477881681875,423.6823022,261.0,3475,2.0,0.1612290661952415,0.2082143490546053,1.3251954670422859,-0.19423221032454166,10.768937,7.0237594
Sl007,0.03685255773700617,0.03139626584310479,0.025165441529127336,0.02040302789613633,0.018521106442808542,0.013217069085631847,0.010403605608900492,0.0066360134537213475,0.0023801094797901096,0.003101878396742748,0.009284603110296805,387.9366739,197.0,5069,2.0,0.1773616785832665,0.2462129876564122,1.6934200270104247,-0.6099461767222802,10.168758,7.1950226
Sl010,0.017630788964491065,0.015523570755339621,0.012317405868238537,0.00978698001103335,0.006344407550776333,0.004351629069697468,0.0022394670202776083,0.0012807468464073027,0.001210127914876061,0.0006666377708612226,0.0034031337209433463,365.3711779,199.0,3761,2.0,0.0747548956424517,0.1742888928036203,-1.6839670152569652,0.18570200681010912,12.585943,6.0955806
Sl012,0.03919839998822399,0.023176537701027997,0.010484434506616501,0.004179749773153505,0.0015657153889183182,0.0012428301686952326,0.0005451125772225298,0.0008114036914649127,0.00018778960164791156,0.00019666868817851512,0.0017259547696220846,217.1479811,142.0,4656,2.0,0.0833145968547715,0.9175848820639668,-2.0122630767300875,-2.368917869799271,11.262957,3.9651718
Sl014,0.031917120900268124,0.03862886817954472,0.03916943462611284,0.03585572918784253,0.031774247093847255,0.02777076459386216,0.01908382959417867,0.016166308101976053,0.01611033558832329,0.013663528116901977,0.09684939326122331,805.6455484,358.0,3583,3.0,0.3669895596110705,0.2390056110621447,9.303413830218732,3.574217900605233,6.7648687,7.837822
Sl015,0.021598494957876375,0.029080786257856497,0.021943836975682272,0.01277701139779861,0.007735704192710263,0.005663223135404972,0.0031968620145168733,0.0019227208013295489,0.0015530740788070113,0.0010368123711206709,0.003281714280265764,386.9129056,255.0,4099,2.0,0.1097902405731591,0.6662539084383301,-0.3869315691230919,-0.8359702771798042,10.738653,4.6530085
Sl017,0.016663014020470338,0.009750918243307798,0.005871593650637193,0.003077006576259252,0.0034363533958727986,0.002862526358032164,0.0007131422265093207,0.0006868829484469569,0.0007479490349296347,0.00021500890467923776,0.0015245365052797078,266.3462125,146.0,1967,1.0,0.0455489318644244,0.1197958854313382,-2.8939501020983114,0.21337489373630006,13.899875,5.3423896
Sl019,0.009730469448760019,0.009938313845785085,0.007515137044895183,0.005719909324122155,0.00535949334960108,0.002996614286134241,0.0020077924475752616,0.0014241531272471855,0.0003183902817187644,0.0015152087622341162,0.0026016337012413062,385.930622,216.0,836,1.0,0.0491271156193144,0.0731660725840811,-2.2876473233735357,1.0712512947293222,13.609368,4.9430027
Sl022,0.022757958077821286,0.030722339424999138,0.03001581786156285,0.02443201701110861,0.0170614660077973,0.012852947508623296,0.01015030773747493,0.008008405933737037,0.006667752260022682,0.0041606528710256985,0.02571339976826264,552.221802,313.5,6082,2.0,0.1925430642698924,1.3748719882441782,3.3628727835713144,-0.5572657230570182,8.165219,5.619708
Sl023,0.017377916797076787,0.015872723844785486,0.011175583882610812,0.007168998469766399,0.00518904931086627,0.003615243569176424,0.002768442868220733,0.001962035102529669,0.0011743714279307952,0.0013603591148872076,0.006024437623911462,387.7348103,198.0,2979,2.0,0.0736891620854512,0.6113981026745551,-1.528727274801732,-0.1683794779688781,11.352054,4.555395
Sl025,0.035360477895636365,0.0343736202688627,0.027532999151561207,0.023604884303864433,0.018339447753801533,0.014049581381258813,0.009083214300730275,0.007282037874292717,0.004314122796717951,0.004711349826118991,0.015027793153871018,432.935416,228.5,13316,3.0,0.193679528706716,0.2827510726609358,2.6522422779444583,-0.7357132605815411,9.25201,7.771839
Sl027,0.016491815351237848,0.018817813037760114,0.016434806575075074,0.01158426854132129,0.007607487696312746,0.004465517602942398,0.0025843713226018734,0.002443966229696029,0.0013890934053218615,0.0010195951141733811,0.0052036674814558825,397.2776186,241.0,3141,2.0,0.0880424023578985,0.4943697756900477,-0.9996009194560839,-0.04302345284116671,11.140982,4.866905
Sl029,0.03995296655287482,0.038205557225646065,0.024731810877321108,0.01808128705483334,0.011171210347199057,0.006970897186057742,0.0029772837151830376,0.0010918502254999196,0.001681539206137365,0.0002593284168370062,0.003925611198941641,316.546316,192.0,4221,3.0,0.1490493423046298,0.2800558863217776,-0.028938250830079174,-1.6594130131177895,11.281957,7.713519
Sl031,0.021985123281874568,0.017316227692228233,0.01631579740444044,0.010744058370625262,0.007650049233950022,0.006562432675792358,0.004312847801147284,0.0029990778048887283,0.0043168308709745145,0.0010975743811668139,0.005660695711380484,374.5469012,201.0,1194,2.0,0.0989607152284687,0.1594041592039206,-0.8086330215947429,0.422518840277635,12.167726,6.6403995
Sl032,0.03553069022435779,0.028049513623785105,0.01397263329543939,0.007430183375381321,0.0029505707731354676,0.002491632246099861,0.002547398178611264,0.0014448904953902587,0.001037447378655701,0.0006023725880949546,0.003880003081596182,276.0281501,166.0,1492,2.0,0.0999373352605473,0.180388940852887,-1.5926540764647328,-0.9285028290910087,12.56744,6.8413334
Sl032,0.024574460122471393,0.023039950721748907,0.015412894593523045,0.010151540374796578,0.006176767117922161,0.0040524258655572215,0.0042909856789336625,0.0033132768418033063,0.0016863376982570474,0.0011617959071136658,0.006076900338420307,345.6074735,193.5,3024,2.0,0.0999373352605473,0.180388940852887,-1.0237535697760125,-0.12010345703003199,12.254867,6.810612
Sl034,0.033181535305923014,0.04763120037724009,0.04973991019955059,0.03593782467709086,0.021556682054463545,0.01524214456268393,0.012300599998945633,0.008273689370822493,0.005415347184479551,0.0052531678638384925,0.018578845177585963,497.4475331,314.0,9749,2.0,0.2531109470257351,1.234311458431887,4.933570056786872,-1.8540027351670276,8.1484995,5.3746095
Sl034,0.03745961653255199,0.05967544479993007,0.06122765654144853,0.03826693490629918,0.02118168451845378,0.01221647351348269,0.007320468735215582,0.004491866072704374,0.002558832459174133,0.0019196040529029501,0.006792365399793737,433.8244561,314.0,7998,2.0,0.2531109470257351,1.234311458431887,4.041660250019104,-3.2505947648556233,8.035472,5.2102146
Sl036,0.025932525642169885,0.017133152577741523,0.011289357984500316,0.005349670966021469,0.003984837687212314,0.0032567284795508617,0.001981051442170736,0.0009337133536754123,0.0007612455695987902,0.00048119596272165724,0.0019032378163965423,277.4557192,156.0,5499,,0.0730067174817595,0.1481998947436923,-2.100221079823719,-0.5281026342613823,13.113152,6.898691
Sl038,0.023620659176843757,0.02456174734914896,0.020123760172960605,0.012749508661948331,0.0068204348958134705,0.0029567187943449792,0.0035885351493837774,0.0017319950328987177,0.0007865432346172928,0.0006497254157303593,0.001723631366787666,335.6218126,211.0,3255,2.0,0.0993132590518514,0.6835558469225187,-0.9718861246486578,-1.0731204885275245,10.83682,4.542339
Sl040,0.016571793726249767,0.006271780642817188,0.002787526021726842,0.0017585558576162007,0.0015993385742035942,0.00037366252716685544,0.0002868882394211938,0.0003260371769053268,0.0,0.00021287229859175854,0.0011576023469707186,213.6438356,142.0,1679,1.0,0.0313460574430155,0.1129640557352942,-3.4316872865450128,0.18260299670616276,14.914478,4.9401464
Sl042,0.027458398574405154,0.04197652249969056,0.04097486210460316,0.031828014640892625,0.02720373202182597,0.01634617538620034,0.014714438124777808,0.010983720752457864,0.0066531126473039015,0.007488963381399308,0.03198128233926677,559.4055848,345.0,4369,3.0,0.2576092227304327,0.2470207854835239,5.22156930972635,0.9775431703504457,7.6824365,7.596362
Sl043,0.024891522543690363,0.019329091607990522,0.014450157815898446,0.01049675936568095,0.006787501647062761,0.002896290719187625,0.0024418121138344803,0.0017050228656701714,0.00035307011627280294,0.0,0.0011048199089045722,308.906071,173.0,3492,2.0,0.0844560487041927,0.69562751925503,-1.572276429333355,-1.171612617480693,11.082543,4.2918177
Sl045,0.021605720723643692,0.01963797731789713,0.014543953862102152,0.009727404384867862,0.008371158045450121,0.006980301943313002,0.005480429059679151,0.0046969882623421055,0.0027748244007624813,0.0028657283451872166,0.011519037358311264,420.7794543,210.0,3115,2.0,0.1082035238117597,0.6431858740057204,-0.18201482803309743,-0.022397364943093665,10.881159,4.759964
Sl047,0.014039639942870132,0.008706092965847751,0.004207849390098615,0.0021162797903708877,0.0017847678368745235,0.0005265248098990552,0.0,0.0003749030575544243,0.0,0.0004858024077574092,0.000931969652472799,235.8822314,136.5,1452,2.0,0.0331738298537456,0.0813391302069068,-3.3779785993977036,0.29341121266949266,14.741967,5.096674
Sl049,0.005644626849436284,0.0014701879232267218,0.00046752721714753517,0.0004028538591358111,0.00017577631792026124,0.00013894083541949126,0.00024512245986171817,0.0,0.0,0.0,0.0008562632963584775,216.6473477,122.0,1018,1.0,0.0094012987585063,0.1068572536757554,-4.000855161640785,0.7217630215087328,16.961548,3.3224883
Sl051,0.01782283952455733,0.01416018046863256,0.010926110784200487,0.007770152204681277,0.00490766931310406,0.0037918389700436687,0.0031695769510451674,0.0018542375827523244,0.0006298493638135829,0.0002468815201295819,0.0019337104239982134,354.4956482,164.0,2183,2.0,0.0672130470397452,0.4799678451652916,-1.965852868157579,-0.22524370317909026,11.673141,4.491613
Sl054,0.02364748440833404,0.02057316811865129,0.011606571466456132,0.006436282382703747,0.002986157893108425,0.0013092363330328683,0.0007984430339333772,0.0,0.0005494970288422033,0.0005975182419622541,0.0,263.5431985,172.0,1088,2.0,0.0685043589755287,0.1495830176825971,-2.3905661567624117,-0.3823053018704351,13.390961,6.2998595
Sl056,-0.004274728605284214,-0.002238048363383382,-0.0013702232628174955,-0.0004008196922750041,-0.0010364198094197476,-0.00034900828881295623,-0.0003040326598163422,-0.0006077458877629238,-0.00027950050837054484,-0.00016348383946615712,-0.002485478182219733,401.0071633,140.0,698,1.0,-0.0135094890996285,0.0503771245437529,-4.351340190776565,1.589977363373476,15.804706,2.7708192
Sl059,0.02632931703557656,0.02492870004533739,0.011443230569028268,0.009547264195744018,0.005696518218404404,0.0037640471275064515,0.0016442355274111516,0.00047760403793587424,0.0,0.0017927896902012756,0.003915136314015365,321.342711,187.0,1173,2.0,0.0895388428506996,0.6991319507884576,-1.461139726624836,-1.0398948517782967,10.989026,4.381813
Sl060,0.04077712785537225,0.037756423151134394,0.034266567174514186,0.025599202568400765,0.017473612330353126,0.016616449760686575,0.010216602504702759,0.008923979931734197,0.006324135628946717,0.003867853410198382,0.02067868328810052,425.1661077,216.0,5665,3.0,0.2225006378266445,0.2881230585568087,3.2168525084404203,-0.5345665828804914,9.003901,7.3855405
Sl063,0.019912622343152712,0.02759333638571685,0.022000633182422062,0.017662786734415282,0.01426393605126699,0.0125144856725803,0.010230168161473886,0.008771016966930455,0.006363217593816073,0.00531691571085169,0.053401608744771234,933.2828199,325.0,4837,3.0,0.1980307273493668,0.4531300618948671,3.426302465192419,2.3119870295409917,8.325009,7.075106
Sl065,0.0023886400829190727,0.0015398594682850424,0.0010164730805386905,0.00046851936341032183,0.0002093136124833605,0.0001724830985192951,0.0002059560729542956,0.00019475746813194474,4.2542419737955215e-05,0.0,0.0005317392797362377,287.9251029,157.0,1215,1.0,0.0067702839534865,0.2038804128060008,-3.8081949309395338,0.9198284739142664,16.34637,3.1796896
Sl066,0.020355457111888516,0.031348170053478765,0.027353535010671,0.026173836987030914,0.018601984969016192,0.009713579352827881,0.005715957750464579,0.0061486599757907875,0.005305566881817984,0.005513748875696821,0.018749557021954865,517.1391485,324.0,1926,2.0,0.1749800536406782,0.7345730606219137,2.445522900260056,0.31438196760754555,8.164158,5.6863265
Sl066,0.016165539604756307,0.025869242733396604,0.02635758686598001,0.022875311618157732,0.0221372070813095,0.015431996797906486,0.008692116666595326,0.008753245248414481,0.005447740975081894,0.006519315498956387,0.016730750725103532,578.9796226,376.0,1325,2.0,0.1749800536406782,0.7345730606219137,3.1646307087092755,1.1441655118572045,8.176073,5.9254656
Sl068,0.03858902649576105,0.029262616550098867,0.019910814954090198,0.01393780908988637,0.008861691349020925,0.009032275619748611,0.00425506381786183,0.004290339445043204,0.001816952672692933,0.002889878319133409,0.005053452647756202,326.562575,184.0,2501,2.0,0.1378999209610936,1.0062118056698848,0.2963858677174447,-1.847117990168704,9.737398,4.5810065
Sl069,-0.00485102638358308,-0.0010314101878716219,-0.0008776418058586986,-0.0005237039110558898,-0.0002615335986896217,-0.00032417112827345793,-0.0,-0.00029591658632573044,-0.0,-0.0,-0.0,178.1128472,113.0,576,0.0,-0.0081654036016581,0.1565552981852109,-4.428296616353417,1.0379883570911337,16.76145,2.9932554
Sl072,0.015931915732508465,0.009119663188905213,0.006583561872542826,0.004918065792351592,0.003758916753472044,0.0021242038462611136,0.001553029750068977,0.001136379427393393,0.000475950753881497,0.0006867905285152703,0.0013047749206760101,305.0127409,156.0,3061,1.0,0.0475932525665764,0.1377953416599344,-2.675685575747834,0.27959712556010996,13.90886,5.397923
Sl073,0.02266527357306036,0.015520200021468748,0.008224963684250143,0.0055561459058987,0.0026024461222113812,0.002199095187939005,0.001503281592789524,0.00106855940526294,0.00026310754007311264,0.0003918588742638473,0.0017946555829246396,275.9611987,160.0,5773,1.0,0.0617895874901424,0.5535716758329103,-2.2609654440481313,-0.9167424318393577,11.519758,4.1959314
Sl075,0.0012634901541940344,0.0006370911934689229,0.00037251027170952104,0.00017848031160411153,3.243211711544504e-05,4.4457178398413925e-05,9.859956141109429e-05,0.0,0.0,0.0,0.00018170871407845684,223.1341176,133.0,425,1.0,0.00280876950198,0.1023865515870215,-4.101671076891301,0.9748800808015494,16.812885,3.1466503
Sl076,0.00680772751152491,0.0045226286151869325,0.00260937448667789,0.00047110325211879313,0.0008753474692866928,0.0006660618913934141,0.000462862921878108,0.000518016918681498,0.00020469721626023004,0.00045939823187555404,0.0003070458333424772,378.2596026,153.0,755,1.0,0.0179042643482265,0.0313110983373036,-3.5121328499057056,1.1251183516508896,15.342695,3.1589696
Sl078,0.013210586208050455,0.013199646802553972,0.011134881075477632,0.007446532305510857,0.003901519110496584,0.0022979226186585493,0.001279553990549755,0.0009337509267320029,0.0007842065107770272,0.0005694987695070049,0.0021468407450584218,352.5287273,215.0,2750,1.0,0.0569049391202772,0.3909242144236164,-2.126851094481339,0.1340770703604725,12.1852665,4.614705
Sl080,0.03469637132625135,0.04189741254571618,0.04305682046441161,0.035046375307220906,0.020933392933758274,0.011562543659689659,0.009304037082809935,0.006788070843244483,0.0037824974707897077,0.0026362353196909736,0.006534421945981691,432.422093,267.0,14620,2.0,0.2162381786833266,1.066011045236817,3.4629122158182803,-2.5163740551841647,8.141321,5.224571
Sl081,0.013097940202599311,0.010813590631068407,0.0072690349928609494,0.0051524444385790185,0.002936562919896786,0.0010122252895333993,0.00026244704952966137,0.0003158734581203911,0.00017762231466401146,0.00020302039549662895,0.0016110943763166345,326.0280426,179.0,1783,1.0,0.0428518560686652,0.36428552832818,-2.795275633473459,0.10390191216533594,12.745035,4.624606
Sl082,0.014235486628619077,0.009965958969673595,0.0062369604225549725,0.0037423253893182117,0.0015037892613220928,0.0014237350384181519,0.0006113570840753029,0.0001727829394251631,0.00040567640322841284,0.0002225488955553191,0.0016387351797863057,296.2479851,155.0,1613,1.0,0.0401593562119766,0.3222082663444195,-2.985916619385721,0.07457777731946953,13.0910225,4.6982946
Sl083,0.031400514013990785,0.033394226433978935,0.03200484510549002,0.02536996928323825,0.021281988559237856,0.014113162515647041,0.0100368702968198,0.007741987127011565,0.004447180575426143,0.004220369879484333,0.01427390285940994,461.207085,251.0,5307,3.0,0.1982850168480197,0.925144885890379,2.971539801751894,-0.9471812924650814,8.461941,5.4942555
Sl086,0.01734388789065196,0.01885722768903563,0.015892423050855878,0.010583638229734654,0.00860507921663946,0.0076879737440448855,0.00438984305051416,0.0032318646803323635,0.002593954572443575,0.0019182010714762373,0.010545395557464681,436.5150804,233.5,2984,1.0,0.101649488651544,0.7352915732234249,-0.3307513841906123,-0.03618582383615192,10.973888,4.824536
Sl087,0.01864887537243833,0.015570521561913355,0.009301589618963374,0.005168251027904881,0.0026394780231359383,0.0014242937734680505,0.0011958422719054909,0.000611901708721695,0.00045319237212501184,0.0007016285895422357,0.0017076449159960558,300.3766965,177.0,6926,2.0,0.0574232191786912,0.8585082234943904,-2.141176278715486,-1.1565520968496685,11.319905,4.2406282
Sl088,0.027335608088433497,0.04091592210438862,0.0378484754194441,0.024666109428205574,0.016975004644032895,0.012116974981172231,0.00907425194771305,0.006266538934295913,0.006315621062027923,0.006575172036798122,0.030186017137557475,526.8940229,314.5,4718,3.0,0.2182756955657937,1.1282271011678826,3.764448366718638,-0.6059773181229028,8.156304,5.576553
Sl090,0.03329932872597287,0.034939754349477534,0.032884619489683124,0.02535678101180726,0.02126218801708349,0.01667997012250477,0.009396491055008175,0.009026989682176472,0.004144357971577904,0.003535874742440722,0.014943386509219121,457.6233715,244.0,5066,2.0,0.2054697414714817,0.9688509656100688,3.1237978000797133,-1.1297002573739994,8.345377,5.493145
Sl094,0.018747722889869912,0.01797368985021688,0.013923119207527342,0.010577439866148031,0.007718344256278053,0.006790629766034151,0.004806318770427685,0.0031419552542206242,0.0022349685468748643,0.0030519376436591262,0.011501526971779535,433.9053599,211.0,3265,1.0,0.1004676530230362,0.8250683173200237,-0.3734616449189964,-0.17570837889888163,10.879814,4.727382
Sl095,0.01856889535203384,0.01589693946239667,0.009297897888181873,0.005313222979931614,0.002805166082406401,0.0014776752477392442,0.0009223393218010298,0.0007224947321772934,0.0005807680423546733,0.0004285572583387037,0.0016074200333103558,296.8487165,178.0,6934,1.0,0.0576213764006717,0.8595288167829038,-2.1480849501332964,-1.180892538518159,11.333237,4.200778
Sl096,0.036223901116840866,0.02530310411405049,0.018085137273050483,0.01283641277607277,0.010657156829190328,0.007711351993997171,0.006178693342143964,0.0047961211341856595,0.0037206079943127106,0.0027367195052337024,0.01031967011445644,353.7058894,169.0,8371,3.0,0.1385688760549657,1.2369972278717238,0.6761072297860509,-2.041200801063001,9.524714,4.694663
Sl097,0.05433353089636787,0.0391448406730913,0.02165523651108571,0.014936466666735315,0.01086903169621594,0.006478970236883263,0.005377293577309826,0.0031978328515876652,0.0029436180516294735,0.0013629794348672055,0.005955807231242125,299.8905899,178.0,7120,3.0,0.1662556079932713,0.2992717800464088,0.5730262109643498,-2.1432474160804236,11.198343,7.95698
Sl100,0.025219442438378335,0.013662258915230535,0.007947115019621906,0.0034743411838666065,0.002986187539458423,0.0015767613019298144,0.0007565405297415574,0.0007022495902284394,0.0005871602377698681,0.0004452042731571553,0.0008897578106204808,239.875702,145.0,2671,1.0,0.0582470187817561,0.1541255357766051,-2.682202595014978,-0.38320824523416147,13.816935,6.0731387
Sl102,0.02910166958980528,0.01913587610566205,0.01107326405013842,0.006540974670489756,0.0041814996210260144,0.0034753816608251963,0.0030152436894193856,0.0018099043641234501,0.001626981145354644,0.0002642936893410543,0.006363283900481948,298.4468048,154.0,5743,2.0,0.0865883724866672,0.2004163210573013,-1.6823064047468173,-0.6039011780534819,12.6685,7.1752486
Sl103,0.026697504585737972,0.0219594995034163,0.012483686813851437,0.0076555990396541375,0.004938408230907202,0.00264226165151736,0.0013301143938262547,0.0019054097540283676,0.0008574393010869635,0.0002478878720782075,0.00295806940332514,291.004409,176.0,5897,2.0,0.0836758807167811,0.1880078176936034,-1.754086420580675,-0.6831630367191975,12.87189,6.981032
Sl104,0.019187717339700115,0.013287451548092797,0.009073212635723093,0.005873761673444518,0.004837439099890343,0.003859909071453797,0.0029343824713095592,0.0020200712977006714,0.00111157144936329,0.0015913071754217543,0.00943856776280256,423.3731248,168.0,7866,2.0,0.0732153915249025,0.1761667992674123,-1.6414159534771722,0.23354061766820505,12.946648,6.523725
Sl105,0.0193732319816854,0.013225469740339842,0.007561800647266459,0.003366879085486087,0.0031357743089560027,0.0023493992272419833,0.0005599123581692517,0.0004383364202394241,0.0004829879289538633,0.0005355971486085508,0.003907449775963873,407.3216246,157.0,1822,1.0,0.0549368385679739,0.0780694618291613,-2.5999973284614635,0.38538504489561554,13.642637,5.3925314
Sl107,0.030575758047466567,0.023211400989736553,0.01700671784791423,0.014906921929759438,0.012163948820559144,0.00957046664883879,0.008216291809339676,0.005771485720024001,0.003759062493150887,0.00488044723996595,0.017797247185174263,435.709571,185.0,3636,2.0,0.1478597487319295,0.2005728636465137,0.8895978969835019,0.37270675987582313,10.144202,6.75178
Sl108,0.04440972554131652,0.05475397611090063,0.046459252602980707,0.03134418257552047,0.026224717908118905,0.01777481583269427,0.0146038513221957,0.010913437953994427,0.008328120535767342,0.01127341421268021,0.03242208388810678,495.3304183,274.0,5260,3.0,0.2985075781857684,0.336353859973039,6.139472866057342,-0.17197296099076023,7.371737,7.455552
Sl111,0.03497805771022209,0.04915544600642449,0.0510471344885075,0.039173232430978755,0.028980948370380594,0.02246981645689638,0.018415771866415166,0.014417933147829227,0.010700861908909058,0.010047904509801192,0.05043633182314453,837.5952668,335.0,6634,3.0,0.3298234390493324,0.3085930834537539,7.873227127579039,1.4792200737024157,7.0404716,7.565488
Sl112,0.04338593927295386,0.03224272342288784,0.02012443171228427,0.015761357230403186,0.011079276590893288,0.007143550081241836,0.004917314500132803,0.005129459100994007,0.0033942148880686317,0.0014270917621595127,0.012351256135534555,340.1816491,177.0,4839,2.0,0.1569566146975538,0.2631851120551849,0.4956395004682523,-1.1290809719169064,11.223573,7.8348246
Sl114,0.026117465790450666,0.02671476939905674,0.01792323067854443,0.011657576030239604,0.009247414548052044,0.005291994753090288,0.003007857584506452,0.0033487955846559564,0.0012888435864045374,0.00166377713950302,0.006136245357422968,389.1913363,208.0,6533,1.0,0.1123979704519267,0.7843186450987484,-0.33449478722566006,-1.186303029602744,10.682416,4.601994
Sl115,0.0054531023628995295,0.004210671831330834,0.0018490758083687551,0.0014032547808762261,0.0014567956588711268,0.001058465692974786,0.00034035255714962736,0.0004770783962953375,0.00033284070003626706,0.0006190473994619872,0.0019079606867089783,378.2720971,182.0,1154,2.0,0.0191086458940821,0.1315488953431046,-3.302858018386924,1.1436093776087062,15.042046,3.4165914
Sl115,0.00709326858147726,0.0046771415660332785,0.0025728285935085094,0.0011887349117593448,0.0004227419107199909,0.000865106069518405,0.000333681786193941,0.0003917194253925124,0.00029312454517281696,0.00033862190619964624,0.0009316765981063951,280.5262145,158.0,2079,2.0,0.0191086458940821,0.1315488953431046,-3.4966608300020283,0.732394763022126,15.566652,3.7939975
Sl118,0.029825874544374097,0.023458226344870152,0.023504741585514233,0.015434780363115746,0.008847638256210794,0.005661488376525444,0.004324320117995163,0.0016265804440844117,0.000953998923447005,0.0017873488407793255,0.003916148693381021,335.5494728,183.0,2466,2.0,0.1193411464902974,0.1946999992274631,-0.6311868567415223,-0.5884885785840134,12.057365,6.973214
Sl119,0.029112701052223702,0.027014906339291482,0.021325060694698226,0.01717682365789483,0.013035554237827568,0.009443683575527589,0.006525026465929909,0.005467267634778611,0.005234993572837057,0.0046214662868061815,0.019451445189033616,442.4553951,213.0,16478,3.0,0.1584089288652577,0.1993836461208616,1.5669377148536536,-0.31379141948983386,9.771332,7.3364544
Sl120,0.025525268100329897,0.011027592958478641,0.0043710573840750775,0.0023543346559436727,0.0011085801663710143,0.0006349954823770476,0.00027878151699674096,0.00031420406522013447,0.0005408253747513756,0.0006082317683352815,0.002464538062727815,280.6006109,142.0,5566,1.0,0.0492284095356067,0.096068821960501,-2.8867522242132946,-0.28661337236277434,14.25424,5.926904
Sl121,0.01427595895404459,0.010655564247742378,0.008060357618943081,0.0063984914295276635,0.005741189391545214,0.00430600041224374,0.002445636778182592,0.0014409487857183264,0.001630218076096522,0.0006032339656121893,0.005901969160228031,472.7767528,179.5,2710,1.0,0.0614595688813439,0.0804351780949009,-1.9973549604150895,0.9077288769591428,13.226558,5.550777
Sl123,0.0076342366081603745,0.0037030168936733874,0.002267748416591376,0.0021726409498659584,0.001227024421498204,0.0006801977211790336,0.0009078492084492694,0.00041075406245998834,0.0008540928025890562,0.0006719826472213195,0.0037754088545373394,379.8290043,155.0,1386,1.0,0.0243049525376154,0.0746942987394858,-3.2708899208704856,1.1205773663334038,15.197351,3.294741
Sl124,0.02820833461830026,0.027246487013262977,0.022385988633916665,0.019115487160193945,0.015606760148046307,0.011774484113772644,0.009485983902484396,0.008704420950584699,0.006653744760115791,0.004361191837642777,0.0269144678644614,517.6227475,234.0,10322,2.0,0.1804573508223245,0.240527242408391,2.4294798883955475,0.5034610840681173,9.238323,7.154177
Sl126,0.040833806007335,0.04697780573989856,0.031614317998834456,0.01789414448459318,0.010756837209489539,0.005444630390348605,0.0034732851143013813,0.005261001350920032,0.0026010805320192606,0.0009377579392564414,0.0059170634493688435,349.853125,219.0,3840,2.0,0.1717117302163653,0.2849754941372275,0.8238654648291629,-1.5986159333618277,11.24777,7.735048
Sl127,0.020949887460475432,0.02731094429176899,0.029360826594558572,0.021828380616818355,0.009877172278059804,0.0067100517056377,0.003604419209295599,0.003911015263576441,0.0020881257528124236,0.0009634856104378011,0.005652288831182681,426.54757,278.0,4856,2.0,0.1322565976146238,0.1744804999300365,0.31533113488231374,-0.06829859717894243,10.988956,6.900835
Sl128,0.02020301728434303,0.02264721154093016,0.018179296575897112,0.015039603814842895,0.010639990976466264,0.00720750660948068,0.006012098691407912,0.004684666069170333,0.00324502825499823,0.002504679162212303,0.014393061748700387,501.1156135,248.0,3529,2.0,0.1247561607284493,0.1727859061225854,0.3164877047950136,0.7697781758264053,10.65941,6.6609197
Sl129,0.02041253856327906,0.027114777224424024,0.022071838896832823,0.016060735422463945,0.009100436006986984,0.005515306299247501,0.004126543412309824,0.00343823102679361,0.002316674803164217,0.0017549933902471747,0.005567584630271393,436.1476868,267.0,5058,2.0,0.1174796595585409,0.1853809448331873,-0.039871711430965975,0.11103288738020345,10.870263,6.77499
Sl130,0.044563417991488864,0.05053716809448436,0.04013790676124612,0.03008716727408041,0.026257375234769276,0.018038475160197166,0.014817675505964772,0.012269211983869184,0.010290972367829776,0.007631329044575523,0.0467177581122217,516.7934252,258.0,4715,3.0,0.3013484572293787,0.3192688807783033,6.004620880274461,0.21096940410526138,7.398552,7.4219413
Sl132,0.0016370680783372167,0.0005540313759567875,0.00018653206913429973,0.00011616989788945973,0.00018272786071690312,0.00013522238990192523,0.0,0.00012104305889470082,6.61492457497071e-05,0.0,0.0,457.0240964,118.0,498,0.0,0.002998943976581,0.0230383431768594,-3.9734939444046726,1.4689818543261532,15.389829,2.836126
Sl133,0.003388596985920239,0.0012395243436209207,0.00048580946710035045,0.0002868714356492768,8.637342304956964e-05,0.0002367058794461107,0.00026987590172654607,0.0003169215033823252,0.00017217212272848921,0.00020821578511181566,0.0010588134028152968,461.2148148,122.0,405,0.0,0.0077498802660507,0.0150775087418475,-3.8293261862992463,1.4603091219438145,15.308735,2.8420238
Sl134,0.03932171983810451,0.05363892671300745,0.0538274947272627,0.04533487036599855,0.03615911015064932,0.02303956570401216,0.02137573898618096,0.01654773822180236,0.015259921090895856,0.011687829831112296,0.05180498854782554,589.5846708,343.0,10281,3.0,0.3679979045448496,0.3323682922574623,9.322610749535276,0.9171119071108552,6.8604903,7.692593
Sl135,0.0007077496280385329,0.00036807247741470374,0.00018530651956789922,6.408949800410494e-05,0.00011141972034282136,5.917681337565038e-05,2.3328240235226607e-05,7.98802763076795e-05,3.196053150756737e-05,6.653180534417295e-05,0.00021486685248264115,299.4764706,139.0,510,0.0,0.001912382362621,0.0222664651316829,-4.049952887943856,1.2718777842419824,16.214134,2.9000478
Sl136,0.005067411774100746,0.0021872129829472145,0.0011585169100044935,0.0007422318911757126,0.00013518534077239952,0.00016426091379111475,0.00016587026490430288,0.00020857166862027355,0.0,0.0002483762381505713,0.0008320335872864994,298.2273782,150.0,431,1.0,0.010909671582663,0.0259269656882775,-3.813547780914773,1.096022154265276,15.939066,3.3339603
Sl137,0.06856920620078824,0.03352553946416289,0.016086303053587405,0.006842608144859711,0.0035407763562539008,0.0021208900389311195,0.002133461185508257,0.0015935542914481218,0.0008191723041014684,0.00022162448247930525,0.004069695269297889,240.4041086,148.0,6815,2.0,0.1395228307914183,0.3148721954376855,-0.8675137523230023,-2.953648158772728,11.480919,7.9992347
Sl138,0.037555610465783665,0.04918034469651599,0.04744479917669544,0.03901164430133137,0.028260384083951727,0.024769103788349574,0.018582189103012597,0.012853351190732196,0.009978628308104713,0.009854772838802582,0.038193194328746446,540.8328879,312.0,5613,3.0,0.3156840222820263,0.3068970864799392,7.163603162246995,0.6216919797158755,7.086117,7.584222
Sl140,0.026354712116727637,0.022433969020838152,0.012984833619007678,0.010494645159527664,0.006635396241552264,0.0034546475782708764,0.0019562973192454778,0.0012107617578607647,0.0013790559285906101,0.0013193001209020304,0.0024629181109739836,311.1191085,178.0,2737,2.0,0.0906865368828106,0.1651348768739536,-1.5047428535026472,-0.3880388562989443,12.525654,6.8329015
Sl141,0.02367678035947269,0.033619139312025856,0.03494819586365669,0.032520602179986736,0.02669312180528142,0.018218513004231347,0.01657670944160015,0.011808875673537406,0.010938948744581971,0.007280061085685503,0.045758101644486945,687.7477253,370.0,16046,3.0,0.2620390485904686,0.2163693326616232,6.14864196989594,1.5787172857934313,7.470041,8.011245
Sl143,0.04094651236036826,0.0465511774719211,0.037664210747268854,0.027822294145033854,0.015676907248116843,0.013671693041616067,0.009288922415609578,0.00821329041051854,0.0059765828808569016,0.003617070095335511,0.01803312957137848,443.171982,248.0,5111,3.0,0.227461790388024,0.2991815740385119,3.259370266247632,-0.8159035437973907,8.936059,7.3676686
Sl144,0.04513435607605783,0.04197466729963564,0.03509976928071328,0.02725246666945849,0.017532941271913752,0.011880305193488734,0.009044718644406593,0.006859027889594365,0.005358355422850012,0.003938562202519339,0.017943679028359198,411.1280281,213.0,17379,3.0,0.2220188487569784,0.2940652027355574,3.183249180661017,-1.7158116833675345,9.139802,8.027524
Sl145,0.0189466843638938,0.007753246386952251,0.0026470210969477648,0.0016148049541453737,0.0009578989344849986,0.00041705083119831664,0.0005905872310722982,0.0006884787195538413,0.000488842238062055,0.0002316625070663194,0.0020082815051795395,284.7166007,138.0,5307,0.0,0.036344558732212,0.0766452249738327,-3.167878787497723,0.09043143098950904,14.557607,5.650456
Sl146,0.026412888399777477,0.035290409129088464,0.03401003569478437,0.031988024741791625,0.024799981005361904,0.019241065910453905,0.016636192396325,0.011949096738921965,0.007460092184103482,0.006041563827240853,0.015537001406544067,536.1859439,315.0,3173,2.0,0.2293663514343931,0.2269843498900578,4.599848801987836,1.0383586051829077,7.867126,7.336344
Sl148,0.026861410063017212,0.028455647513313632,0.028253114655977553,0.024179390282874216,0.016796016355601125,0.014746962779346411,0.008410240559873494,0.0056259281610197154,0.0035296689798013318,0.003405292433787617,0.012335780191133228,459.9557275,253.0,4653,2.0,0.172599452148345,0.2032944650117044,1.879973835844632,0.18158594695943853,10.137515,6.7549095
Sl150,0.0024581138762841356,0.0009718564113414575,0.0005306344583857545,0.00031350206376202865,0.0003601408684111761,0.00028252405389039137,0.00019545923580996965,0.00021753321478905832,0.0001289796175299585,0.0002761394933495798,0.0011047011190604907,309.488568,137.0,831,0.0,0.006839584412614,0.0322171973337617,-3.8995222509087712,1.2078045993071571,15.91769,3.044738
Sl151,0.006311384396891602,0.001762504621288511,0.0009341430043771034,0.0006509288957491292,0.00023682586856074245,0.000521657809000577,0.00025944441069402534,0.00017376148476012435,7.109131320898327e-05,0.00022105199680239762,0.0004499131424202973,248.4820652,124.0,1840,0.0,0.0115927069553462,0.0278632317972838,-3.887077354906374,0.825336889395123,16.795889,3.5017438
Sl152,0.0040879081747458865,0.002541611781090269,0.0013184394352660064,0.0012907400548646442,0.0009018931515640637,0.00040677212295817306,0.00044023667931830234,0.00033903589791410934,0.0003268226184777568,0.0001937272015188427,0.001831059948089992,544.5822887,153.0,4946,1.0,0.0136782470521298,0.064654727715184,-3.3605614121071268,1.3274353107366146,14.89586,3.3217409
Sl153,0.005603584224009048,0.0028845684517891934,0.0012893218999542383,0.0007613201779958349,0.0006575687236937513,0.00031095021266272044,0.0003099980065623932,0.0002486332102195099,0.00026057554184333624,0.00019328586842540685,0.0010208509362651097,323.9635072,146.0,4083,0.0,0.0135406572669612,0.0427267022774611,-3.6266616215850176,0.8921348977372187,15.734456,3.7733805
Sl154,0.025384903977076795,0.01878324600243277,0.015518795470552417,0.012851333436477146,0.009249794884225069,0.006102841591381789,0.005043009956887909,0.0033151673441889603,0.0025883324964373123,0.002022000358745232,0.005802556221152679,386.5500951,182.0,15770,2.0,0.1066619816328961,0.1583250919054872,-0.3164732088031276,-0.5714254139281534,11.883098,7.3159614
Sl155,0.02038476807225211,0.014227235403194498,0.01349182884672987,0.013894716889665308,0.014240498445676665,0.01315538180291155,0.010531471245316197,0.007882323238765851,0.005706935544744279,0.005136813940254601,0.016894046547118693,601.6680446,202.0,8709,2.0,0.1355460197055376,0.1245347682699092,1.3984279056456146,1.4391713377125586,9.757894,6.8811884
Sl156,0.03555700473312866,0.03772549414788503,0.02957868052490528,0.02083832179005504,0.013605640662257628,0.00980728552749509,0.006505369650484374,0.0042617313845762644,0.002677705591468325,0.002050016115081823,0.004500859580297587,373.0133995,223.0,22986,3.0,0.1671081097076351,0.9469509723494968,1.8138823631216965,-2.935940380835271,8.673942,5.070319
Sl157,0.0015636011376008775,0.0006964712821431184,0.0003258015101684624,0.0001944135390117439,0.0002673303173107745,0.00014913063349910778,0.00012055378308866825,0.0001155981435173325,0.00011499624463042159,8.005932256191186e-05,0.0004238710007369355,365.2378211,143.0,2258,0.0,0.0040518269061657,0.031795813261048,-3.8767232323734317,1.2653443871628542,15.718788,2.9625463
Sl158,0.04022991445874884,0.04916021052345131,0.04469995287983215,0.033986071766164166,0.02294898775301342,0.015486985085836126,0.010122349460561486,0.007445533174591088,0.006441691240916995,0.004895797591977417,0.02163316215279218,467.5268293,268.0,7995,2.0,0.2570506560878852,0.3124860341412147,4.358895794667871,-0.9169322328325236,8.50365,7.6934676
Sl159,0.03637401293820888,0.03985343906347531,0.03392874756603577,0.02545346570955549,0.02183524295099251,0.016210731695209923,0.013237061738668236,0.010910665220291778,0.00864108469671142,0.004602973942468057,0.025262497753000157,475.9847229,254.0,24612,3.0,0.2363099230383076,0.2630789868118455,4.597337060884759,-0.8756964173964387,8.457064,8.134646
Sl160,0.023516055735616076,0.015229229971555661,0.009439184031820496,0.005907263168571171,0.003892329553670618,0.002684369575759113,0.001466091128554549,0.0011817311514679253,0.0009637978482334518,0.0006107956905400783,0.0028223081814868984,298.8223548,160.0,11568,2.0,0.0677131561049892,0.1351229197452957,-2.020353436337337,-0.6106027101180918,13.268625,7.3186917
Sl161,0.023035440938619926,0.033003519019613674,0.02694568907251254,0.01941785894280702,0.011494615181346052,0.006836222191972884,0.003643397916899724,0.003587807681399102,0.0015822564167890935,0.0007321389524691773,0.0027941838860598353,411.4004982,282.0,7628,2.0,0.1330731300674159,0.1729200854807838,0.3443380056043365,-0.48230255158075924,10.916468,6.96311
Sl162,0.0065188868875525365,0.003577986103641812,0.002300999136958187,0.0017798469109831733,0.0016157359253006582,0.0008380269688647228,0.0009057002084383791,0.0002606854777728419,0.00041344925631326193,0.00019295756113982477,0.0029289520011163022,378.1812725,151.0,2499,1.0,0.0213332264380817,0.0629719160026062,-3.378130280625533,1.0443599422825873,15.295209,3.5775838
Sl163,0.03861514906808189,0.025059821374565,0.01586486558741033,0.01157756736343979,0.00900802893666881,0.005405029524004578,0.004848079132763634,0.0015774466492830834,0.0029409763014734574,0.0008468875402264817,0.003367985327078815,296.235039,165.0,6918,1.0,0.1191118365667722,0.2190720719955284,-0.6299444216411919,-1.1775663538790289,12.054638,7.4907565
Sl164,0.005741144961970503,0.0016536788540445282,0.000514004269710757,0.00026654813755664915,0.0003472821748156063,0.0003089501581561846,0.00012113806495141727,0.00013519807395702432,0.0,0.0,0.0010445845364930588,373.3950437,129.0,686,0.0,0.0101325292215232,0.072340711627935,-3.844425800639736,1.0942171323924257,15.557347,3.0958922
Sl165,0.027462429352632683,0.031138665410525946,0.031309935623119754,0.027954423331089252,0.022190793695477967,0.018866616595353155,0.01602337404302557,0.013529682061220823,0.012458820163555248,0.010176980081688025,0.06563003252384295,730.465899,315.0,14589,3.0,0.2767417526047896,0.2411067879554012,6.470642807337428,2.1651989198889283,7.2291975,7.907209
Sl166,0.04084930663397767,0.04163350278701228,0.038887304068046476,0.03692204736967558,0.033414894485681544,0.026695328057519733,0.021873510962030267,0.017479662400235695,0.01372480050785297,0.013334991794683832,0.06812743181136512,658.1799223,283.0,21098,3.0,0.3529427808780812,0.2879078532118972,9.124672339807187,1.1980738123017736,6.9348655,7.6412115
Sl167,0.014887668515828583,0.009089790863143519,0.005709975108342448,0.003058402970503229,0.0018419059856724107,0.0008531051640117894,0.0008457287043627181,0.0005418349763137929,0.0002818156743037012,0.000506668834152005,0.0028603918388861067,286.7142146,148.0,6029,1.0,0.0404772886355203,0.0919011136385246,-2.9577363151365397,0.1527276540466602,14.436285,5.554346
Sl168,0.02059328428500387,0.02195714275074305,0.02298584390027647,0.02082904259398567,0.018446323534402086,0.015116985938715802,0.011396917492520404,0.00807864121932492,0.007324603758060464,0.006083144157671561,0.03139914672380117,614.3575984,305.0,8311,2.0,0.1842110761702944,0.158024653930932,3.1245652186030033,1.7165743904595816,8.357017,7.0009727
Sl169,0.03859689592564646,0.021758778066256583,0.010330733557677114,0.005141521372099373,0.0025311420992229785,0.002130963703787472,0.0011557410069139191,0.0007472256164955795,0.0009258716550245126,0.000604648001972463,0.003951796343707151,257.5260632,149.0,10628,1.0,0.0878753173488036,0.1959236527919678,-1.8158732197013945,-1.4838110581584334,12.911538,7.5289264
Sl170,0.021941537465174674,0.029649520455569175,0.03336644672867474,0.034962817275323174,0.03143178988964569,0.02863976947099666,0.021165266949428656,0.018705122619790102,0.01455359974583613,0.011264860468147687,0.05328869060639129,757.4809715,436.0,7988,3.0,0.298969421674978,0.2115018498562299,8.312196365634259,3.402611341168112,6.9817786,7.825629
Sl171,0.027006284492569983,0.03791906643935641,0.03658878150737632,0.027113373849002607,0.023371571056430417,0.01481799667474336,0.013335872834910865,0.010620060566816324,0.007403983222873123,0.005651358570874597,0.03599732056207272,602.2149028,337.0,2778,2.0,0.2398256700168524,0.2169443679690654,4.509113374538864,1.3100138379954305,7.944106,7.3374925
Sl173,0.055203154788339,0.03944765489064802,0.022612042288340004,0.014086243292250708,0.00947000517589466,0.007136049553854793,0.005057042061665185,0.003308629722502598,0.0025492024009977077,0.0023819351659826213,0.015153799434945549,337.1895206,174.0,18837,2.0,0.1764057589518266,0.3085238770985001,1.1117638457619776,-2.5961492879900483,10.597773,8.279487
Sl174,0.03752699364782092,0.04444173639254714,0.04150811123115691,0.030930090453028674,0.021548882447578216,0.012836975861985562,0.009421586383709242,0.008069834974726445,0.006144984569376205,0.004463063792276723,0.019946353289232086,471.183712,265.0,23330,3.0,0.2368386128065995,0.2744416910517241,4.168138400591172,-1.5043404267475078,8.730463,8.178701
Sl175,0.050625128204546496,0.032486777576876485,0.01884281419367155,0.013336133682595674,0.011095192579902274,0.008170440027142772,0.006499003980680418,0.004267346821756281,0.004031496053194838,0.003230460422059276,0.013066803897967022,340.4247114,167.0,27979,2.0,0.1656515972747415,0.2597777068678679,1.3903785005394087,-2.4907291830639413,10.289005,8.3370075
Sl176,0.019339603259961695,0.02509761869053778,0.022827092290315553,0.0207756428620189,0.01832350325667019,0.014281455749694798,0.009956501600399641,0.008419638900497104,0.005230324222791419,0.00371819708177578,0.01706177224211883,552.8737913,313.0,9825,3.0,0.1650313501567817,0.1597645461248349,2.4294041586699806,1.032881581584179,8.59736,6.88385
Sl177,0.020941191791075384,0.017126175740155222,0.01000870874158694,0.006310317077487991,0.004094332313432883,0.0024675698717520917,0.0015674829261085404,0.0012625096219985555,0.0006688949690622603,0.0006715791748010742,0.0019981267655629496,310.5101713,180.0,13076,1.0,0.067116888925907,0.1190986158193475,-1.9113861090267994,-0.576790958086724,13.242635,7.312326
Sl178,0.03128529487266854,0.04358494407984287,0.041348697233235795,0.03779682828060465,0.031607396911538424,0.022533238308366024,0.019473172678850036,0.018746450711930835,0.013834736031426027,0.0092184921946575,0.07683064823794608,722.4594643,358.0,5563,3.0,0.3462598995410668,0.2544944039393272,8.471155652460906,2.521659957801442,6.7832236,7.779528
Sl179,0.008117186294870413,0.003614489513782416,0.002032001719885906,0.0013481479619678698,0.000902365913256661,0.0006133980376460405,0.0005578323469767434,0.00039212917030518793,0.00028549852940644796,0.0002771721256614489,0.001249074861652462,264.4584726,139.0,4190,1.0,0.0193892964560223,0.0455482893941426,-3.546961604678014,0.6482371302898673,15.723128,4.105649
Sl180,0.027055920226665312,0.01925350253286242,0.009255414390386067,0.005033794631157364,0.0025144734054757243,0.0008608928824972721,0.0009355298105131939,0.0004450378431532471,0.0003093473971002419,0.0008057910931906528,0.0015803835348207138,254.1192222,151.0,5863,2.0,0.0680500878158723,0.6190560276772636,-2.2274243246867798,-1.3530424149339888,11.411682,4.087246
Sl181,0.03789535931128218,0.03769260358702154,0.02962437013610889,0.02099362431005929,0.012866060736427274,0.009255720778409056,0.006760432956452252,0.005782210632862046,0.003946113904294789,0.002879862326107783,0.017152838957371304,413.7650215,216.0,27394,2.0,0.1848491976363964,0.2419029154015335,2.216619892605655,-1.922554537251195,9.790908,8.261227
Sl182,0.03441156672072719,0.03587809102571604,0.03211953268903876,0.023320827969291802,0.016910056210477285,0.0093223018259799,0.0058772208309157345,0.004373766342944912,0.0035661889349562293,0.001446175209127081,0.003946249779424171,428.2417355,223.0,17424,2.0,0.1711719775385991,0.2143268055898116,1.6143746548642912,-1.5435052303531414,10.005841,8.047437
Sl183,0.0427516314232297,0.05310494795302422,0.04254789996463546,0.03314654042886423,0.02483146945159452,0.016629092732849446,0.011203145813974883,0.008051845763948552,0.00669631085789455,0.0038563281642447927,0.017082122591721042,455.2696212,264.0,30732,3.0,0.2599013351459814,0.3203182122171642,5.0244244618339975,-2.4157414137348705,8.659812,8.27325
Sl184,0.02637679557189765,0.04319748121818584,0.04189001223428202,0.0329288514127988,0.026142474780811508,0.017696326835376378,0.013905118034338509,0.011906410511018614,0.008057256344851058,0.0072185406910134815,0.02581291008610086,567.2969845,358.0,12270,3.0,0.2551321779758069,0.2376222106195632,5.543683220380877,0.5846605275946841,7.5997977,7.8006306
Sl185,0.029009716920364775,0.04064438721058431,0.02916520887584788,0.023548311183896237,0.017404435704428386,0.011958024333975567,0.010138230418824683,0.006469403526087123,0.00487400064416796,0.0043812851729477294,0.017227576996546035,466.7970886,278.0,5633,3.0,0.1948205809876707,0.8955173574474824,2.8499325699975633,-0.8499993200511048,8.382426,5.351027
Sl186,0.01172581341601522,0.01412483729962149,0.013559450888135005,0.011682180521358242,0.010119671930490669,0.006617870092807761,0.0037979184333415865,0.0026133061545749133,0.0018647673807851135,0.0015032743500862742,0.004632246599962317,477.3558609,275.0,9751,1.0,0.0822413370671786,0.1131449603097803,-0.6699160453471612,0.7546229881207904,11.575111,6.500455
Sl187,0.0034202347941628985,0.0014624418815292646,0.0006298550645810632,0.0004095966906129353,0.0001475823229716024,0.00011445629412570798,0.00010529300491352836,0.00018455062604774342,2.584144763936096e-05,8.696641905068572e-05,0.0008516648904763927,240.5720165,134.0,2673,0.0,0.0074384834286727,0.0316481797784033,-3.9424474672546252,0.8979441223137609,16.716578,3.4342518
Sl188,0.004187836205861303,0.0011057602813891948,0.00042844670447863425,0.00031191127495450117,0.00020241623873562436,0.00016093177811748677,3.11133454636032e-05,0.00010917592703229435,4.2401903910522986e-05,0.0,0.0004295436550122978,193.2319832,120.0,1901,0.0,0.007009537321965,0.0409212130903558,-4.0692871399209105,0.7728197863778444,17.019985,3.3818734
Sl189,0.03517756237445141,0.041093608691418974,0.03722791865056818,0.03004610374470172,0.022487034299398495,0.01846654575345747,0.01332177127322156,0.010193219213703447,0.008801417745784941,0.007283513145085887,0.03902400525290932,536.6792914,275.0,22073,3.0,0.2631227001447014,0.2650467504792974,5.464534142969225,-0.26730770728366837,8.049375,8.149861
Sl190,0.019423942263616063,0.012815146086391739,0.007601539250993792,0.004824624073396422,0.0026336392347371816,0.0014081978324670859,0.0010441405128870037,0.0005237986560278491,0.0,0.0,0.0016140603698740512,257.1708747,160.5,2218,2.0,0.0518890882285021,0.1345654621450653,-2.806395883598344,-0.07373874587597255,13.724199,5.6926265
Sl192,0.03036537671999846,0.041017100467845305,0.03386642151622534,0.025598515069647953,0.01634005227073217,0.01259416416977054,0.009901131057444734,0.0071324610799137446,0.0058036540811365524,0.005215842938132938,0.030513356451336973,519.1268412,286.0,10998,2.0,0.2183480758221847,0.2381043886842244,3.4494053201624437,0.023069503435572635,8.665262,7.521177
Sl194,0.0321217472613822,0.032971274585893745,0.028384224628108332,0.02434122197651671,0.02076371583818146,0.018930419943096525,0.015303568733579425,0.011602993614603126,0.009496363092811665,0.007654197685950653,0.043586628120761604,575.4727498,263.0,18587,3.0,0.2451563552357291,0.2303317673756023,5.1155813457499795,0.6937111318803361,7.852479,8.038901
Sl195,0.006106394676996589,0.0035525299430913164,0.003153591143787278,0.0024631611016075663,0.002083294176218089,0.0014717039143719098,0.0008894226490411845,0.0005997264330666769,0.0005505321979550207,0.000546521504639007,0.001767794810799835,390.1668737,160.0,2415,1.0,0.0231846725283898,0.0402612537902075,-3.2247853219694647,1.1490503295429644,15.107972,3.3664186
Sl196,0.046887683813297686,0.02543525989481315,0.016594870106130293,0.011360876424647668,0.006464005790079058,0.004313951158042332,0.002579741605044997,0.0014654417201408736,0.0006991911717358652,0.0006390525636103209,0.002520486635964812,258.2471587,148.0,16014,1.0,0.1189605607645465,0.2720510552727204,-0.8011673522537243,-2.3785462699141338,11.287684,8.228244
Sl197,0.033061909276839406,0.02656571987479941,0.019988020126632765,0.016155299953617645,0.014073108565035072,0.010128276211316024,0.007265563095748878,0.0031962072523608873,0.0026028339568929713,0.0027643702056652395,0.004266957429513657,355.5334711,182.0,12578,3.0,0.1400682658083537,0.2216146761812223,0.5908942350957007,-1.0033737196200356,10.517548,7.8165007
Sl198,0.046626157155287305,0.03481916359774583,0.024456233891386327,0.017390212313309242,0.012894615940566088,0.009839621485766423,0.0062115348305090655,0.0031584774077945328,0.0025937923776416546,0.0022203304198800088,0.006847392717538707,318.6518894,168.0,12835,2.0,0.1670575321374252,0.2860683341476781,0.9476034452379842,-2.0011755888719103,10.7814455,8.106331
Sl199,0.013640815585807254,0.012251774887146117,0.008634115168650734,0.005795698600949407,0.00253055257916538,0.001509367235155219,0.0012787700481905874,0.00024194224180347837,0.0007219591217897315,0.00021538447991770613,0.00176699489057496,331.4724758,196.0,3615,2.0,0.0485873747905632,0.0900371724626384,-2.5804070534430084,0.3941605359329518,13.576999,5.1456776
Sl199,0.0130659787433591,0.011141939691398707,0.009872368982401467,0.005089569148691691,0.0038739141975287945,0.001982782111242305,0.000887944817757872,0.0006471254787731784,0.0008893726063534675,0.0003200272547662665,0.0008163517097029755,317.1899689,184.0,2253,2.0,0.0485873747905632,0.0900371724626384,-2.613542842953275,0.4571022892850797,13.576994,5.238159
Sl200,0.048785097865049996,0.029018786135629797,0.017462638761668803,0.012449305636927635,0.009519637174830526,0.007028756922380172,0.005355105816383478,0.003556460252646773,0.0030563688940983607,0.0016103919015223078,0.007892480789866593,315.8488798,159.0,22095,2.0,0.1457350300052694,0.2971286203205377,0.5043390189325475,-2.3863496367999644,10.557941,8.364247
Sl201,0.02205835514360644,0.015023262918014929,0.00917079905046595,0.006851133435378802,0.004587577037597906,0.002670046632924307,0.0018119027741120306,0.0017500193330623488,0.0009695651003142547,0.0010376504775798292,0.004313155268251169,329.4665131,165.0,12154,2.0,0.0702434673117949,0.1462995828349426,-1.8179687398070699,-0.4590749339757168,13.098007,7.122008
Sl202,0.025642163456430066,0.016071494956920344,0.011512479209828445,0.009044094405282553,0.005460110743957854,0.0035358576543079497,0.001773277628638446,0.0013117565107846878,0.0005674982677444198,0.00038458777683901194,0.0021532393898833556,298.9141955,158.0,10454,1.0,0.0774565600780737,0.1465204782385246,-1.8091649630661728,-0.750327959513181,13.140268,7.2532916
Sl203,0.043317869504061156,0.035975020073045726,0.02369837999595606,0.019199375822546178,0.010729412532718882,0.008801679265890273,0.005586330248544267,0.0025785624711502633,0.004324639444154815,0.0032540567000684615,0.010748496222680986,349.2086033,182.0,5556,2.0,0.1682138226172447,1.1476905646521711,1.2329163947730513,-2.3948130915829045,9.406348,4.680235
Sl204,0.034350842566056396,0.028105730436885457,0.022664928704361705,0.019496419775507826,0.01577481446794321,0.012142144128870169,0.009489636771861135,0.009024276004163024,0.007811814096602529,0.005696049693904827,0.025365351294784233,462.304204,205.0,15723,3.0,0.1899220077510185,0.2255056568929631,2.7842151250747156,-0.08041996170915057,9.276453,7.508759
Sl205,0.03318108079444398,0.041733314386114,0.03602142486442838,0.030045602728060634,0.023529000361071646,0.018663937086902567,0.014966664611404723,0.01032516839478522,0.00962914831934509,0.008769577437145746,0.04925594683658813,612.8240061,296.0,11847,3.0,0.2761208658202901,1.0696821681336626,6.099535861960033,-0.18537267739916188,7.429068,7.1971426
Sl206,0.004058912822101613,0.0027375487872234143,0.001356763188606744,0.0005499776304928192,0.0003226617112504706,0.0002135106887424121,3.579295963437399e-05,0.00028938476595756095,0.00013617076897295258,5.080149541806881e-05,0.0016009473034453987,325.9469453,161.0,1866,1.0,0.0113524721331983,0.0346119326500358,-3.705861537037927,1.1170789495327789,15.64145,3.413882
Sl207,0.024602258642491333,0.02189389674342683,0.01636076829017168,0.012150172072604921,0.00901792650411474,0.005578932077672819,0.004740415997939596,0.0029762628325433068,0.002331534026034877,0.001678353890591164,0.0060138406571037945,375.7245153,203.0,8407,1.0,0.1073443616273507,0.1684664944866097,-0.50626920443604,-0.2500718650914772,12.002766,7.023555
Sl208,0.025009673547673635,0.02507205063022543,0.02086201022491005,0.015258811626782118,0.011538456382136547,0.008326660995785194,0.006662945845751016,0.006616262486567432,0.0037287058350962115,0.0034712181771202415,0.011008847896827873,444.6591674,233.0,12179,2.0,0.1375556435113201,0.1726430768388702,0.9493172240682167,-0.006591193023011908,10.2158785,6.95577
Sl209,0.019636786249900905,0.014346037133176257,0.008916381120332046,0.007394548590305363,0.005370760320550097,0.0037633249964084147,0.0029252115910664055,0.002523499951338017,0.0025467123911487944,0.00231370488615926,0.012183893786221239,458.7635135,175.0,6068,3.0,0.0819208610166068,0.5294597764908908,-1.168925174091562,0.06372151391225464,11.337416,4.592392
Sl210,0.022439632047797874,0.019781202198951263,0.01868414920339341,0.017343486768564002,0.01164202242775332,0.009057842481287602,0.006679940152477855,0.005840646941400081,0.0031972577968482382,0.0024872578362397715,0.010386898362911803,439.5901393,215.0,9330,2.0,0.1275403360900849,0.1642029738353221,0.5047086501608673,0.22502885823193583,10.354127,6.965575
Sl211,-0.003147740349727496,-0.0021870994916359083,-0.0009680646508885416,-0.00044904311323620496,-0.0003076330179984381,-0.00019953335623941476,-0.0001182366874791867,-0.0001510531624081029,-0.00013764450859771068,-6.871845455301768e-05,-0.0005925293033182784,275.2998867,160.0,4415,1.0,-0.0083272960960823,0.1156782037833743,-4.112322590763394,1.1273300954948713,16.369192,2.9143898
Sl212,0.014702342131660757,0.0035825190629651684,0.0012239069169717714,0.0005193670818247533,0.00023299025390149998,0.00020260021699757265,0.0002393755175037406,0.00018718916037561439,0.00010360457370261454,0.0,0.0007775623259215671,180.4971341,128.0,2617,0.0,0.0217714572200536,0.2716755508574439,-3.674748126337014,-0.03089222414670609,15.03601,4.7900143
Sl213,0.036913806246242666,0.04311127280863303,0.037240669191249895,0.03132296035769033,0.025560378120731864,0.017292277131994844,0.012786947181776398,0.010205854328129815,0.008076771221898454,0.00734091551043067,0.02619093777122764,494.6449976,270.0,14383,3.0,0.2560427896139628,0.2731689133068687,5.06608195708823,-0.31977903561772814,8.014845,7.9455
Sl214,0.019945971296533707,0.02996655020351343,0.03271571008154853,0.032135909567423765,0.025513793006456446,0.0157050078297358,0.012415653073177992,0.008641940989109646,0.005116289109397523,0.004217436483709236,0.018796952178808123,601.0127562,377.0,6977,3.0,0.2051712138194142,0.1874761793806842,3.825544473143644,1.1510513983835173,8.034205,7.0327506
Sl216,0.014183513629925865,0.008401613529345524,0.005042950029572001,0.0032602752448223095,0.0025710436726230543,0.00217389496367436,0.00105607406428814,0.0008920436855150947,0.0005126591931426755,0.0004117667798882571,0.002676238047570523,291.9854412,155.0,6800,1.0,0.0411820728403678,0.0884478467529795,-2.818566677033714,0.22218734020391817,14.208213,5.544563
Sl217,0.008940903163950471,0.0061482684929645955,0.0032767987034855567,0.001887200576284693,0.001594982926978294,0.0009471095285427431,0.00026659216924149014,0.0003174079070446352,0.00012029291576732759,0.00013258881023381445,0.0017719130729309184,294.4784382,156.0,1716,2.0,0.0254040582928286,0.3254719010709261,-3.322155105428175,0.3851490768310339,13.343877,4.4204116
Sl218,0.022087676379982556,0.02533411425724807,0.02557649057145021,0.019072718097372935,0.0176941893078029,0.015416247139826372,0.012922391712163066,0.009973991077157343,0.010645080358671344,0.005842065387210245,0.03905494688092736,634.0211958,308.0,8162,3.0,0.2036199111698124,0.1712277352125691,3.831923000381853,1.951430168856148,8.32822,7.169934
Sl219,0.030684819190303626,0.015977950939507487,0.010259416460662363,0.009308761599704733,0.006397817819781615,0.006221734915166676,0.004246208747181077,0.003353232410000979,0.0027223737321805056,0.002321076944240317,0.0056080088086216135,317.9068989,149.0,8668,1.0,0.0971014014702496,0.167410565007393,-0.9568872532218156,-0.43419524900709233,12.457442,7.2494965
Sl220,0.01609053330202762,0.024855893688851164,0.026876652594153106,0.024356683343747524,0.019325413403454412,0.014805678148700365,0.012248475062734772,0.010713714408056194,0.006784289781800991,0.005491183662785997,0.020966705638605348,615.4607452,388.0,11540,2.0,0.1825152230349175,0.1563633059353884,3.6247359622117776,1.653294475549004,8.209013,6.9479523
Sl221,0.02172955261340307,0.009600992262879957,0.004318486855453268,0.0017565412120332908,0.0011154674821017153,0.000725412144196506,0.00037592064478398333,0.0003711438085300863,0.0002612376246370512,0.0002980426977465073,0.0020621406889042284,275.5047992,140.0,5105,1.0,0.0426149380772846,0.0889285974691524,-3.0677538420052994,-0.11728821804312768,14.358599,5.7767854
Sl222,0.01626087479669505,0.030892284716111856,0.043232692336117456,0.03718214509863269,0.030915731770721943,0.025265070488986074,0.02189572962614449,0.022075491483939644,0.020190149178359245,0.014755586938984743,0.10592907840043045,945.0796187,579.0,7134,3.0,0.3685948344665288,0.2042916586914221,10.990595097962304,5.564390644313038,6.8457656,7.839423
Sl223,0.041146346757657964,0.05663623024838205,0.04564505532754116,0.03157060450596845,0.02167811064618945,0.014068613236373755,0.0101534330892193,0.007033126365419665,0.005945130755504235,0.00413723622110053,0.013183891893625274,433.318999,277.0,23138,3.0,0.2511977795493774,0.307181818721659,4.467697870694043,-2.1952573096557395,8.680785,8.232585
Sl224,0.021978813091020875,0.02349345499027157,0.02367930450656047,0.018391042011337413,0.011065396759816682,0.008993284496668218,0.006995168026172058,0.004440910848938116,0.0028768342600753753,0.0022867464088643452,0.003971124671341691,416.143073,238.5,3970,3.0,0.1281720801992389,0.1610452448171012,0.38208932193546546,0.2284921110576099,10.803978,6.861526
Sl225,0.016367749021290064,0.008081131059195747,0.0033662328373233784,0.0024092761217180225,0.001008849551377063,0.0006135423783568877,0.0005420552986065905,0.0005417919986471147,0.00028386373621885615,0.0004138042981857641,0.002020222411856696,263.8497898,150.0,6897,0.0,0.0356485187484247,0.0778943869398089,-3.1002135832625046,0.06476340393044969,14.472084,5.627364
Sl226,0.035873967543087026,0.0347930509789537,0.02783464045881671,0.021506304809923053,0.014056645046283664,0.009752157684318122,0.007684643999570965,0.005970079355385928,0.004524075619598762,0.0035570778756883743,0.012316280514714714,398.8796714,215.0,8643,3.0,0.1778689237084721,0.9551012831093694,1.9924790035680675,-1.6907946249969852,8.727203,5.009691
Sl227,0.013503373315043086,0.00940923651245845,0.006570883142686544,0.004376938239043979,0.003479341062683848,0.0026872008548425364,0.0017791371404377284,0.0010783624175180562,0.0006104559378598734,0.0006060395424074378,0.0019564049689093583,318.2386986,166.5,5840,1.0,0.0460573731338909,0.0835871968229675,-2.5857560066156413,0.3608295041430393,14.052585,5.4743333
Sl228,0.013058929623347421,0.011241614749173803,0.006452368954753951,0.004423544700574343,0.0037527783478689646,0.0026472825440604407,0.0016136777707488198,0.001595916436204375,0.0009796051263107322,0.000483654445344056,0.003635150293345171,354.4481112,181.0,2303,1.0,0.0498845230416166,0.4038096408573578,-2.3786862284346513,0.257435363446472,12.304274,4.545228
Sl229,0.01937402181618134,0.024690853879423297,0.02325299805791185,0.017467527289990514,0.01221094052506817,0.010537576599822638,0.0057443354013742105,0.0034137466814009028,0.0027214873869313818,0.0017604346848557049,0.011240602122041976,517.1406694,284.0,6334,2.0,0.1324145245774165,0.1349115111626314,0.6653567526287864,0.5484295188995325,10.747714,6.74349
Sl230,0.036818541404947426,0.031745701572661,0.024306266172771478,0.015833687598184452,0.011594749882831792,0.006114882112344926,0.0037566207343952347,0.0034921197108979205,0.0018450093716190616,0.0013626922504144368,0.003376925852819674,336.3890622,187.0,6089,2.0,0.1402471965236402,0.8821168292628782,0.2489680338227719,-2.0943010348911115,9.825256,4.580117
Sl231,0.026941556943707236,0.02400644746031666,0.0218154258000623,0.0179993076957621,0.013448206774701842,0.012430594341177537,0.007744380693135401,0.005530961834489914,0.005011702482886926,0.005247983220204373,0.016746778659566308,455.0200987,217.0,11145,2.0,0.1569233459060106,0.194906874328612,1.6066497178952746,0.1916357429446567,9.686064,7.0547357
Sl232,0.01718934980080509,0.021286080853299374,0.0160409531516217,0.013233543492660016,0.00950395299246155,0.008051065508009969,0.005557370092593936,0.004583455358032646,0.0033054913788727585,0.0031697914264981796,0.014348211358134945,540.2828794,272.0,9877,2.0,0.1162692652967209,0.1248022860536651,0.4353564126900782,0.8488677178692878,10.50018,6.7353044
Sl233,0.035092859155148586,0.035633068892154666,0.018478461476574233,0.005581107221212953,0.0024630988313929557,0.0014837228761517762,0.0006981112362739965,0.0004428735638803242,0.0,0.0003587778964530897,0.0010089587896229787,269.2029316,193.0,10097,3.0,0.1012410400401066,0.801412771106151,-1.2705089783052337,-2.5533478647474905,11.121286,4.014788
Sl234,0.02243636257880919,0.02377446502705732,0.019655711915350697,0.015293287341188651,0.012166822147240585,0.010468717899208977,0.007925253963168406,0.005903913021502309,0.004262372665115277,0.0036510233639623197,0.015394742094052675,473.357872,245.0,11560,2.0,0.1409326720166564,0.1648130016384587,1.1829178423363458,0.3880566982949491,10.009525,6.940098
Sl235,0.028265338621039523,0.015513316256415673,0.007611752445096152,0.004338730982408638,0.0019933350786241534,0.0012332860577120507,0.000885724116307808,0.00045635877255907837,0.0005025239139155606,0.0005562166166662175,0.0017803284391988332,235.1025176,145.0,9374,2.0,0.0631369113630806,0.1461430300430536,-2.4526791455296815,-0.8994071213566271,13.330876,7.373275
Sl236,0.01101516451804834,0.011971902574646521,0.007931150315037525,0.00408590713655666,0.001792814394756588,0.0010155157303998342,0.0004615444329099568,0.00033456590417288304,0.0004857010634715524,0.00029604025312679103,0.0025559349359724334,758.4355346,203.0,7632,1.0,0.0419462411752066,0.0920576816562451,-2.297695965685548,1.1051699264911057,14.555941,3.5538335
Sl237,0.012528336749533844,0.011134959834695144,0.009832987229600876,0.008292587794890014,0.007632458908565119,0.005653703874244541,0.004212654238519947,0.003018549095293063,0.0019886709465326757,0.0016509365157357065,0.005575859722142471,433.8030687,208.0,7886,,0.0715217049097534,0.1008870962227597,-1.2625093527419549,0.7834584502540666,12.621482,6.2724514
Sl238,0.03753378967046809,0.03714529912526944,0.02569289530532467,0.01474085487190532,0.007162749822224466,0.004941710785723826,0.0038374947453393366,0.002003707885415176,0.0012374918136082878,0.0013138942912797043,0.009653293315125959,360.5298004,205.0,13775,2.0,0.1452631814864211,0.2131664408161032,0.18522249783961847,-1.6890950288081512,10.929234,8.100641
Sl239,0.020918231560811882,0.021554205743157626,0.014365027274873345,0.008217435349587196,0.004189202841901248,0.003039942712881992,0.0018964724739253848,0.0014060434378044006,0.0010587831902868665,0.000680694144516523,0.002888564521138037,331.612892,211.0,11449,1.0,0.0802146032508845,0.1434692270768805,-1.4705083444171279,-0.530859792660203,13.012788,7.232379
Sl240,0.0031651204141342954,0.0017095961024222637,0.0010762593187172008,0.0006092585962685783,0.00045806633108955305,0.00037667400736310087,0.00021491682203657753,8.90312222696569e-05,0.0,0.00016206988620472718,0.001696172185067882,341.9030899,153.0,1424,,0.009557164895131,0.0322166381509413,-3.7632182277273314,1.2149752615197784,15.810366,3.1482437
Sl241,0.003155197977499336,0.0009867110839520841,0.0004336973787094504,0.0003266807363326427,0.00017383127024567796,4.337917435316299e-05,0.00021312103876458473,0.00011591897038999188,6.873350223843195e-05,0.0,0.00033916915598981753,233.9322404,129.0,915,,0.0058564402767623,0.0241407780455652,-4.048768105411381,0.9915358645418635,16.893148,3.245975
Sl242,0.004653080536673462,0.001586065177889402,0.0008775150410138601,0.0002650459846187635,0.00017830505775547336,0.0001169050300969804,0.00012777636055953345,0.00014867686511733935,0.0,0.0,0.0007155169746177728,250.3364312,135.0,538,,0.0086688870196737,0.1416944751746634,-3.936415571700753,0.8277138337120629,16.614616,3.383339
Sl243,0.00931980851447599,0.0054092889628892206,0.0032756520820264178,0.0013924319813179644,0.0012664343260037874,0.001350958939704574,0.0007094902192111113,0.000548333767675925,0.0,0.0003660820384081331,0.001060791200579748,582.5634441,154.5,662,,0.0246992720075936,0.0323676630645271,-3.1892121990204942,1.3883123789185425,14.787512,3.2586646
Sl244,0.015262190951277921,0.009806317881491205,0.004363987894139222,0.002408627373571847,0.001242771680626621,0.0009685098529430443,0.0009214128526967883,0.0005183098981884001,0.0005319136746825893,0.00036678572798607686,0.003356427912613686,290.3449782,169.0,4809,,0.0397472557002174,0.0947707694187121,-2.93597240188234,0.28081102428911614,14.276324,5.5146413
Sl245,0.005872401604669171,0.0023666732240219964,0.0009361098697083163,0.00024048233653035868,0.0003118435969501537,0.0002389154620754551,0.00023142167052429423,0.00013202684436278595,0.00014374440652362833,0.000241095472356596,0.0003248214766923169,209.6345408,140.0,1546,,0.011039535942336,0.0551298148121489,-3.8766010950146668,0.7772683403398396,16.795069,3.519937
Sl246,0.012173911645251919,0.006995187638854073,0.0026561967578517427,0.0,0.0012917691209023464,0.002167554166389756,0.0036484573663937343,0.0,0.0,0.0,0.0015369223847232296,2258.451163,151.0,215,,0.0304699990803668,0.0073671352140041,-1.6668593083355048,4.469791004812141,14.507718,3.5172873
Sl247,0.014660912366427576,0.005472023355267388,0.002162341858492625,0.001270647002427546,0.000486275220489463,0.0007178397935836564,0.00034148250349606124,0.0,0.0,0.0,0.0028825689041724724,250.4353688,138.0,1261,,0.0279940909763627,0.0738909691887447,-3.5463157884381515,0.42696558658561123,14.954655,4.9030404
Sl249,0.008452357541996818,0.0031524587946484563,0.0011492479614425436,0.0005407446528185604,0.0009066414038137615,0.0001433121141615017,0.00024540861661241143,9.847931511221006e-05,0.00011009507503293532,0.0,0.0012777856310108647,229.3763587,140.5,1472,,0.016076531074497,0.0612797615613654,-3.778830766584778,0.6859285397971627,16.490976,3.797618
Sl250,0.009792493666749077,0.00519340610743179,0.002620445942013883,0.0015319160333714292,0.0006032996196384458,0.0006274346298287649,0.00042162919612501485,0.00038808304050708613,0.000277932222862126,0.0002471689213933325,0.0027419306114282523,297.6511438,153.0,3672,,0.0244457399913492,0.0606857405009746,-3.393533950254193,0.6613761507287474,15.531302,4.1103344
Sl468,0.03777122655098843,0.04606922663277397,0.033275644150276604,0.02755129678975888,0.017769597669586884,0.01142544366055125,0.008970096528133305,0.006292922262397064,0.005666831602184608,0.004396757248115079,0.01802532566668605,427.6893964,252.0,15457,3.0,0.2172143689786665,0.2742420575108366,3.2206123334088077,-1.227298872250204,8.933608,7.8829703
